3100,"Assets/PureMeadow/Prefabs/Plants/Grass1.prefab"
3101,"Assets/PureMeadow/Prefabs/Plants/Grass2.prefab"
3102,"Assets/PureMeadow/Prefabs/Plants/Grass3.prefab"
3103,"Assets/PureMeadow/Prefabs/Plants/Grass4.prefab"
3104,"Assets/PureMeadow/Prefabs/Plants/Sorrel.prefab"
3105,"Assets/PureMeadow/Prefabs/Plants/Wheat.prefab"
3106,"Assets/PureMeadow/Prefabs/Plants/Berries.prefab"
3107,"Assets/PureMeadow/Prefabs/Plants/Carot1.prefab"
3108,"Assets/PureMeadow/Prefabs/Plants/Carot2.prefab"
3109,"Assets/PureMeadow/Prefabs/Plants/CommonBlue.prefab"
3110,"Assets/PureMeadow/Prefabs/Plants/CommonPink.prefab"
3111,"Assets/PureMeadow/Prefabs/Plants/CommonYellow.prefab"
3112,"Assets/PureMeadow/Prefabs/Plants/Daisy.prefab"
3113,"Assets/PureMeadow/Prefabs/Plants/Gorse1.prefab"
3114,"Assets/PureMeadow/Prefabs/Plants/Gorse2.prefab"
3115,"Assets/PureMeadow/Prefabs/Plants/Lavender.prefab"
3116,"Assets/PureMeadow/Prefabs/Plants/Lupin1.prefab"
3117,"Assets/PureMeadow/Prefabs/Plants/Lupin2.prefab"
3118,"Assets/PureMeadow/Prefabs/Plants/Barley.prefab"
3119,"Assets/PureMeadow/Prefabs/Plants/Reeds.prefab"
3120,"Assets/PureMeadow/Prefabs/Plants/FlowerMeadow1.prefab"
3121,"Assets/PureMeadow/Prefabs/Plants/FlowerMeadow2.prefab"
3122,"Assets/PureMeadow/Prefabs/Plants/FlowerMeadow3.prefab"
3123,"Assets/PureMeadow/Prefabs/Plants/FlowerMeadow4.prefab"
3124,"Assets/PureMeadow/Prefabs/Plants/GrassMeadows1.prefab"
3125,"Assets/PureMeadow/Prefabs/Plants/GrassMeadows2.prefab"
3126,"Assets/PureMeadow/Prefabs/Plants/GrassMeadows3.prefab"
3127,"Assets/PureMeadow/Prefabs/Plants/GrassMeadows4.prefab"
